analysis,correlation,p_value,method,significant,FDR
sum_overall_pearson,-0.05696837935604965,1.0016921519308595e-4,pearson,TRUE,1.0249803239804613e-4
sum_overall_spearman,-0.1319111979807576,1.566861576039218e-19,spearman,TRUE,6.267446304156872e-19
sum_control_pearson,-0.05697987504768674,9.9845134796002e-5,pearson,TRUE,1.0249803239804613e-4
sum_SCZ_pearson,-0.056886789714629266,1.0249803239804613e-4,pearson,TRUE,1.0249803239804613e-4
max_overall_pearson,-0.13831747247735787,2.4663886103461513e-21,pearson,TRUE,1.973110888276921e-20
max_overall_spearman,-0.12032697162030923,1.7219622480935816e-16,spearman,TRUE,4.591899328249551e-16
mean_overall_pearson,-0.10846226502121166,1.1500084618907388e-13,pearson,TRUE,2.3000169237814776e-13
mean_overall_spearman,-0.10240429775324333,2.4594056611586978e-12,spearman,TRUE,3.9350490578539165e-12
