test,p_value,control_mean,case_mean,difference
Wilcoxon,0.798588395087887,0.1353455336769717,0.13489953403495078,4.4599964202091114e-4
T-test,0.9374518007145297,0.1353455336769717,0.13489953403495078,4.4599964202091114e-4
